Workbook
Name Slicer_Product1: #N/A
Name Slicer_Vendor1: #N/A

Sheet Summary PivotTables
A1: Vendor Breakdown
A2: Vendor | B2: PO's Placed | C2: QTY Average | D2: Average of Lead Time (Days)
A3: Vendor #1 | B3: 29 | C3: 5000 | D3: 127.17241
A4: Vendor #2 | B4: 32 | C4: 6753.125 | D4: 90.3125
A5: Vendor #3 | B5: 28 | C5: 4003.5714 | D5: 31.071429
A6: Vendor #4 | B6: 47 | C6: 8882.9787 | D6: 77.191489
A7: Vendor #5 | B7: 21 | C7: 5733.3333 | D7: 82.52381
A8: Grand Total | B8: 157 | C8: 6440.1274 | D8: 81.585987
A11: Product Breakdown
A12: Product | B12: PO's Placed | C12: Average of QTY | D12: Sum of QTY | E12: Average Lead Time (Days)
A13: Product #1 | B13: 8 | C13: 4400 | D13: 35200 | E13: 109.125
A14: Product #2 | B14: 8 | C14: 5212.5 | D14: 41700 | E14: 133.25
A15: Product #3 | B15: 10 | C15: 4950 | D15: 49500 | E15: 131.5
A16: Product #4 | B16: 3 | C16: 7300 | D16: 21900 | E16: 128
A17: Product #5 | B17: 11 | C17: 7327.2727 | D17: 80600 | E17: 81.454545
A18: Product #6 | B18: 13 | C18: 6669.2308 | D18: 86700 | E18: 97.769231
A19: Product #7 | B19: 7 | C19: 5742.8571 | D19: 40200 | E19: 73.714286
A20: Product #8 | B20: 5 | C20: 3640 | D20: 18200 | E20: 30
A21: Product #9 | B21: 8 | C21: 2600 | D21: 20800 | E21: 33
A22: Product #10 | B22: 11 | C22: 3600 | D22: 39600 | E22: 31
A23: Product #11 | B23: 17 | C23: 9652.9412 | D23: 164100 | E23: 81.058824
A24: Product #12 | B24: 12 | C24: 8041.6667 | D24: 96500 | E24: 67.333333
... A30: Grand Total | B30: 157 | C30: 6440.1274 | D30: 1011100 | E30: 81.585987

Sheet PO Data
A1: PO's Placed from 1/25 - 6/26
A2: PO # | B2: Product | C2: QTY | D2: Vendor | E2: PO Placed | F2: PO Completed | G2: Lead Time (Days)
A3: 4521 | B3: Product #1 | C3: 4900 | D3: Vendor #1 | E3: 45659 | F3: 45815 | G3: =F3-E3 -> 156
A4: 4522 | B4: Product #3 | C4: 2500 | D4: Vendor #1 | E4: 45665 | F4: 45793 | G4: =F4-E4 -> 128
A5: 4523 | B5: Product #17 | C5: 7200 | D5: Vendor #5 | E5: 45666 | F5: 45711 | G5: =F5-E5 -> 45
A6: 4524 | B6: Product #7 | C6: 6800 | D6: Vendor #2 | E6: 45667 | F6: 45722 | G6: =F6-E6 -> 55
A7: 4525 | B7: Product #15 | C7: 6000 | D7: Vendor #4 | E7: 45671 | F7: 45751 | G7: =F7-E7 -> 80
A8: 4526 | B8: Product #8 | C8: 3400 | D8: Vendor #3 | E8: 45673 | F8: 45689 | G8: =F8-E8 -> 16
A9: 4527 | B9: Product #6 | C9: 8400 | D9: Vendor #2 | E9: 45675 | F9: 45759 | G9: =F9-E9 -> 84
A10: 4529 | B10: Product #10 | C10: 4400 | D10: Vendor #3 | E10: 45676 | F10: 45693 | G10: =F10-E10 -> 17
A11: 4531 | B11: Product #1 | C11: 2500 | D11: Vendor #1 | E11: 45684 | F11: 45761 | G11: =F11-E11 -> 77
A12: 4532 | B12: Product #11 | C12: 9600 | D12: Vendor #4 | E12: 45685 | F12: 45761 | G12: =F12-E12 -> 76
A13: 4533 | B13: Product #7 | C13: 8100 | D13: Vendor #2 | E13: 45686 | F13: 45753 | G13: =F13-E13 -> 67
A14: 4534 | B14: Product #14 | C14: 9600 | D14: Vendor #4 | E14: 45688 | F14: 45761 | G14: =F14-E14 -> 73
... A159: 4710 | B159: Product #7 | C159: 4600 | D159: Vendor #2 | E159: 46203 | F159: 46280 | G159: =F159-E159 -> 77

Sheet Vendor Analysis
A1: Vendor Analysis
A2: Vendor | B2: PO's Placed | C2: Qty Average | D2: Average Lead Time (Days) | E2: On Time %
A3: ='Summary PivotTables'!A3 -> Vendor #1 | B3: ='Summary PivotTables'!B3 -> 29 | C3: ='Summary PivotTables'!C3 -> 5000 | D3: ='Summary PivotTables'!D3 -> 127.17241 | E3: =IFERROR(COUNTIFS('PO Data'!$D:$D,$A3,'PO Data'!$G:$G,"<=60")/COUNTIFS('PO Data'!$D:$D,$A3),"") -> 0
A4: ='Summary PivotTables'!A4 -> Vendor #2 | B4: ='Summary PivotTables'!B4 -> 32 | C4: ='Summary PivotTables'!C4 -> 6753.125 | D4: ='Summary PivotTables'!D4 -> 90.3125 | E4: =IFERROR(COUNTIFS('PO Data'!$D:$D,$A4,'PO Data'!$G:$G,"<=60")/COUNTIFS('PO Data'!$D:$D,$A4),"") -> 0.125
A5: ='Summary PivotTables'!A5 -> Vendor #3 | B5: ='Summary PivotTables'!B5 -> 28 | C5: ='Summary PivotTables'!C5 -> 4003.5714 | D5: ='Summary PivotTables'!D5 -> 31.071429 | E5: =IFERROR(COUNTIFS('PO Data'!$D:$D,$A5,'PO Data'!$G:$G,"<=60")/COUNTIFS('PO Data'!$D:$D,$A5),"") -> 1
A6: ='Summary PivotTables'!A6 -> Vendor #4 | B6: ='Summary PivotTables'!B6 -> 47 | C6: ='Summary PivotTables'!C6 -> 8882.9787 | D6: ='Summary PivotTables'!D6 -> 77.191489 | E6: =IFERROR(COUNTIFS('PO Data'!$D:$D,$A6,'PO Data'!$G:$G,"<=60")/COUNTIFS('PO Data'!$D:$D,$A6),"") -> 0.27659574
A7: ='Summary PivotTables'!A7 -> Vendor #5 | B7: ='Summary PivotTables'!B7 -> 21 | C7: ='Summary PivotTables'!C7 -> 5733.3333 | D7: ='Summary PivotTables'!D7 -> 82.52381 | E7: =IFERROR(COUNTIFS('PO Data'!$D:$D,$A7,'PO Data'!$G:$G,"<=60")/COUNTIFS('PO Data'!$D:$D,$A7),"") -> 0.38095238
A8: Average | B8: =AVERAGE(B3:B7) -> 31.4 | C8: ='Summary PivotTables'!C8 -> 6440.1274 | D8: ='Summary PivotTables'!D8 -> 81.585987 | E8: =AVERAGE(E3:E7) -> 0.35650963
A11: Vendor Scorecard
A12: Vendor | B12: Speed Score | C12: Volume Score | D12: Weigted Score | E12: Ranking | F12: Assesment
A13: Vendor #1 | B13: =$D$8-D3 * 0.5 -> 17.99978 | C13: =ROUND(100*C3/SUM($C$3:$C$7),1) -> 16.5 | D13: =MEDIAN(B13:C13) -> 17.24989 | E13: =RANK(D13,$D$13:$D$17) -> 5 | F13: Review and discuss business relationship
A14: Vendor #2 | B14: =$D$8-D4 * 0.5 -> 36.429737 | C14: =ROUND(100*C4/SUM($C$3:$C$7),1) -> 22.2 | D14: =MEDIAN(B14:C14) -> 29.314869 | E14: =RANK(D14,$D$13:$D$17) -> 4 | F14: Monitor lead times
A15: Vendor #3 | B15: =$D$8-D5 * 0.5 -> 66.050273 | C15: =ROUND(100*C5/SUM($C$3:$C$7),1) -> 13.2 | D15: =MEDIAN(B15:C15) -> 39.625136 | E15: =RANK(D15,$D$13:$D$17) -> 1 | F15: Good Performer - strong lead time
A16: Vendor #4 | B16: =$D$8-D6 * 0.5 -> 42.990243 | C16: =ROUND(100*C6/SUM($C$3:$C$7),1) -> 29.2 | D16: =MEDIAN(B16:C16) -> 36.095121 | E16: =RANK(D16,$D$13:$D$17) -> 2 | F16: Good Performer - strong volume vendor
A17: Vendor #5 | B17: =$D$8-D7 * 0.5 -> 40.324082 | C17: =ROUND(100*C7/SUM($C$3:$C$7),1) -> 18.9 | D17: =MEDIAN(B17:C17) -> 29.612041 | E17: =RANK(D17,$D$13:$D$17) -> 3 | F17: Monitor lead times

Sheet Product Analysis
A1: Product Analysis
A2: Product | B2: PO's Placed | C2: Average of QTY | D2: Sum of QTY | E2: Average Lead Time (Days) | F2: On Time % | G2: Assesment
A3: ='Summary PivotTables'!A13 -> Product #1 | B3: ='Summary PivotTables'!B13 -> 8 | C3: ='Summary PivotTables'!C13 -> 4400 | D3: ='Summary PivotTables'!D13 -> 35200 | E3: ='Summary PivotTables'!E13 -> 109.125 | F3: =IFERROR(COUNTIFS('PO Data'!$B:$B,$A3,'PO Data'!$G:$G,"<=60")/COUNTIFS('PO Data'!$B:$B,$A3),"") -> 0 | G3: =IF(D3>=MEDIAN(D$3:D$19)*1.5,"High volume, ",IF(D3>=MEDIAN(D$3:D$19)*0.75,"Mid volume, ","Low volume, "))&IF(E3<=MEDIAN(E$3:E$19)*0.9,"fast lead",IF(E3<=MEDIAN(E$3:E$19)*1.1,"decent lead","slow lead")) -> Mid volume, slow lead
A4: ='Summary PivotTables'!A14 -> Product #2 | B4: ='Summary PivotTables'!B14 -> 8 | C4: ='Summary PivotTables'!C14 -> 5212.5 | D4: ='Summary PivotTables'!D14 -> 41700 | E4: ='Summary PivotTables'!E14 -> 133.25 | F4: =IFERROR(COUNTIFS('PO Data'!$B:$B,$A4,'PO Data'!$G:$G,"<=60")/COUNTIFS('PO Data'!$B:$B,$A4),"") -> 0 | G4: =IF(D4>=MEDIAN(D$3:D$19)*1.5,"High volume, ",IF(D4>=MEDIAN(D$3:D$19)*0.75,"Mid volume, ","Low volume, "))&IF(E4<=MEDIAN(E$3:E$19)*0.9,"fast lead",IF(E4<=MEDIAN(E$3:E$19)*1.1,"decent lead","slow lead")) -> Mid volume, slow lead
A5: ='Summary PivotTables'!A15 -> Product #3 | B5: ='Summary PivotTables'!B15 -> 10 | C5: ='Summary PivotTables'!C15 -> 4950 | D5: ='Summary PivotTables'!D15 -> 49500 | E5: ='Summary PivotTables'!E15 -> 131.5 | F5: =IFERROR(COUNTIFS('PO Data'!$B:$B,$A5,'PO Data'!$G:$G,"<=60")/COUNTIFS('PO Data'!$B:$B,$A5),"") -> 0 | G5: =IF(D5>=MEDIAN(D$3:D$19)*1.5,"High volume, ",IF(D5>=MEDIAN(D$3:D$19)*0.75,"Mid volume, ","Low volume, "))&IF(E5<=MEDIAN(E$3:E$19)*0.9,"fast lead",IF(E5<=MEDIAN(E$3:E$19)*1.1,"decent lead","slow lead")) -> Mid volume, slow lead
A6: ='Summary PivotTables'!A16 -> Product #4 | B6: ='Summary PivotTables'!B16 -> 3 | C6: ='Summary PivotTables'!C16 -> 7300 | D6: ='Summary PivotTables'!D16 -> 21900 | E6: ='Summary PivotTables'!E16 -> 128 | F6: =IFERROR(COUNTIFS('PO Data'!$B:$B,$A6,'PO Data'!$G:$G,"<=60")/COUNTIFS('PO Data'!$B:$B,$A6),"") -> 0 | G6: =IF(D6>=MEDIAN(D$3:D$19)*1.5,"High volume, ",IF(D6>=MEDIAN(D$3:D$19)*0.75,"Mid volume, ","Low volume, "))&IF(E6<=MEDIAN(E$3:E$19)*0.9,"fast lead",IF(E6<=MEDIAN(E$3:E$19)*1.1,"decent lead","slow lead")) -> Low volume, slow lead
A7: ='Summary PivotTables'!A17 -> Product #5 | B7: ='Summary PivotTables'!B17 -> 11 | C7: ='Summary PivotTables'!C17 -> 7327.2727 | D7: ='Summary PivotTables'!D17 -> 80600 | E7: ='Summary PivotTables'!E17 -> 81.454545 | F7: =IFERROR(COUNTIFS('PO Data'!$B:$B,$A7,'PO Data'!$G:$G,"<=60")/COUNTIFS('PO Data'!$B:$B,$A7),"") -> 0.36363636 | G7: =IF(D7>=MEDIAN(D$3:D$19)*1.5,"High volume, ",IF(D7>=MEDIAN(D$3:D$19)*0.75,"Mid volume, ","Low volume, "))&IF(E7<=MEDIAN(E$3:E$19)*0.9,"fast lead",IF(E7<=MEDIAN(E$3:E$19)*1.1,"decent lead","slow lead")) -> High volume, decent lead
A8: ='Summary PivotTables'!A18 -> Product #6 | B8: ='Summary PivotTables'!B18 -> 13 | C8: ='Summary PivotTables'!C18 -> 6669.2308 | D8: ='Summary PivotTables'!D18 -> 86700 | E8: ='Summary PivotTables'!E18 -> 97.769231 | F8: =IFERROR(COUNTIFS('PO Data'!$B:$B,$A8,'PO Data'!$G:$G,"<=60")/COUNTIFS('PO Data'!$B:$B,$A8),"") -> 0 | G8: =IF(D8>=MEDIAN(D$3:D$19)*1.5,"High volume, ",IF(D8>=MEDIAN(D$3:D$19)*0.75,"Mid volume, ","Low volume, "))&IF(E8<=MEDIAN(E$3:E$19)*0.9,"fast lead",IF(E8<=MEDIAN(E$3:E$19)*1.1,"decent lead","slow lead")) -> High volume, slow lead
A9: ='Summary PivotTables'!A19 -> Product #7 | B9: ='Summary PivotTables'!B19 -> 7 | C9: ='Summary PivotTables'!C19 -> 5742.8571 | D9: ='Summary PivotTables'!D19 -> 40200 | E9: ='Summary PivotTables'!E19 -> 73.714286 | F9: =IFERROR(COUNTIFS('PO Data'!$B:$B,$A9,'PO Data'!$G:$G,"<=60")/COUNTIFS('PO Data'!$B:$B,$A9),"") -> 0.14285714 | G9: =IF(D9>=MEDIAN(D$3:D$19)*1.5,"High volume, ",IF(D9>=MEDIAN(D$3:D$19)*0.75,"Mid volume, ","Low volume, "))&IF(E9<=MEDIAN(E$3:E$19)*0.9,"fast lead",IF(E9<=MEDIAN(E$3:E$19)*1.1,"decent lead","slow lead")) -> Mid volume, decent lead
A10: ='Summary PivotTables'!A20 -> Product #8 | B10: ='Summary PivotTables'!B20 -> 5 | C10: ='Summary PivotTables'!C20 -> 3640 | D10: ='Summary PivotTables'!D20 -> 18200 | E10: ='Summary PivotTables'!E20 -> 30 | F10: =IFERROR(COUNTIFS('PO Data'!$B:$B,$A10,'PO Data'!$G:$G,"<=60")/COUNTIFS('PO Data'!$B:$B,$A10),"") -> 1 | G10: =IF(D10>=MEDIAN(D$3:D$19)*1.5,"High volume, ",IF(D10>=MEDIAN(D$3:D$19)*0.75,"Mid volume, ","Low volume, "))&IF(E10<=MEDIAN(E$3:E$19)*0.9,"fast lead",IF(E10<=MEDIAN(E$3:E$19)*1.1,"decent lead","slow lead")) -> Low volume, fast lead
A11: ='Summary PivotTables'!A21 -> Product #9 | B11: ='Summary PivotTables'!B21 -> 8 | C11: ='Summary PivotTables'!C21 -> 2600 | D11: ='Summary PivotTables'!D21 -> 20800 | E11: ='Summary PivotTables'!E21 -> 33 | F11: =IFERROR(COUNTIFS('PO Data'!$B:$B,$A11,'PO Data'!$G:$G,"<=60")/COUNTIFS('PO Data'!$B:$B,$A11),"") -> 1 | G11: =IF(D11>=MEDIAN(D$3:D$19)*1.5,"High volume, ",IF(D11>=MEDIAN(D$3:D$19)*0.75,"Mid volume, ","Low volume, "))&IF(E11<=MEDIAN(E$3:E$19)*0.9,"fast lead",IF(E11<=MEDIAN(E$3:E$19)*1.1,"decent lead","slow lead")) -> Low volume, fast lead
A12: ='Summary PivotTables'!A22 -> Product #10 | B12: ='Summary PivotTables'!B22 -> 11 | C12: ='Summary PivotTables'!C22 -> 3600 | D12: ='Summary PivotTables'!D22 -> 39600 | E12: ='Summary PivotTables'!E22 -> 31 | F12: =IFERROR(COUNTIFS('PO Data'!$B:$B,$A12,'PO Data'!$G:$G,"<=60")/COUNTIFS('PO Data'!$B:$B,$A12),"") -> 1 | G12: =IF(D12>=MEDIAN(D$3:D$19)*1.5,"High volume, ",IF(D12>=MEDIAN(D$3:D$19)*0.75,"Mid volume, ","Low volume, "))&IF(E12<=MEDIAN(E$3:E$19)*0.9,"fast lead",IF(E12<=MEDIAN(E$3:E$19)*1.1,"decent lead","slow lead")) -> Mid volume, fast lead
A13: ='Summary PivotTables'!A23 -> Product #11 | B13: ='Summary PivotTables'!B23 -> 17 | C13: ='Summary PivotTables'!C23 -> 9652.9412 | D13: ='Summary PivotTables'!D23 -> 164100 | E13: ='Summary PivotTables'!E23 -> 81.058824 | F13: =IFERROR(COUNTIFS('PO Data'!$B:$B,$A13,'PO Data'!$G:$G,"<=60")/COUNTIFS('PO Data'!$B:$B,$A13),"") -> 0.23529412 | G13: =IF(D13>=MEDIAN(D$3:D$19)*1.5,"High volume, ",IF(D13>=MEDIAN(D$3:D$19)*0.75,"Mid volume, ","Low volume, "))&IF(E13<=MEDIAN(E$3:E$19)*0.9,"fast lead",IF(E13<=MEDIAN(E$3:E$19)*1.1,"decent lead","slow lead")) -> High volume, decent lead
A14: ='Summary PivotTables'!A24 -> Product #12 | B14: ='Summary PivotTables'!B24 -> 12 | C14: ='Summary PivotTables'!C24 -> 8041.6667 | D14: ='Summary PivotTables'!D24 -> 96500 | E14: ='Summary PivotTables'!E24 -> 67.333333 | F14: =IFERROR(COUNTIFS('PO Data'!$B:$B,$A14,'PO Data'!$G:$G,"<=60")/COUNTIFS('PO Data'!$B:$B,$A14),"") -> 0.5 | G14: =IF(D14>=MEDIAN(D$3:D$19)*1.5,"High volume, ",IF(D14>=MEDIAN(D$3:D$19)*0.75,"Mid volume, ","Low volume, "))&IF(E14<=MEDIAN(E$3:E$19)*0.9,"fast lead",IF(E14<=MEDIAN(E$3:E$19)*1.1,"decent lead","slow lead")) -> High volume, fast lead
... A19: ='Summary PivotTables'!A29 -> Product #17 | B19: ='Summary PivotTables'!B29 -> 7 | C19: ='Summary PivotTables'!C29 -> 6342.8571 | D19: ='Summary PivotTables'!D29 -> 44400 | E19: ='Summary PivotTables'!E29 -> 81.571429 | F19: =IFERROR(COUNTIFS('PO Data'!$B:$B,$A19,'PO Data'!$G:$G,"<=60")/COUNTIFS('PO Data'!$B:$B,$A19),"") -> 0.28571429 | G19: =IF(D19>=MEDIAN(D$3:D$19)*1.5,"High volume, ",IF(D19>=MEDIAN(D$3:D$19)*0.75,"Mid volume, ","Low volume, "))&IF(E19<=MEDIAN(E$3:E$19)*0.9,"fast lead",IF(E19<=MEDIAN(E$3:E$19)*1.1,"decent lead","slow lead")) -> Mid volume, decent lead
A20: ='Summary PivotTables'!A30 -> Grand Total | B20: ='Summary PivotTables'!B30 -> 157 | C20: ='Summary PivotTables'!C30 -> 6440.1274 | D20: ='Summary PivotTables'!D30 -> 1011100 | E20: ='Summary PivotTables'!E30 -> 81.585987 | F20: =IFERROR(COUNTIFS('PO Data'!$B:$B,$A20,'PO Data'!$G:$G,"<=60")/COUNTIFS('PO Data'!$B:$B,$A20),"")

Sheet PivotTables 
A1: Vendor Breakdown
A2: Vendor | B2: PO's Placed | C2: QTY Average | D2: Average of Lead Time (Days)
A3: Vendor #1 | B3: 29 | C3: 5000 | D3: 127.17241
A4: Vendor #2 | B4: 32 | C4: 6753.125 | D4: 90.3125
A5: Vendor #3 | B5: 28 | C5: 4003.5714 | D5: 31.071429
A6: Vendor #4 | B6: 47 | C6: 8882.9787 | D6: 77.191489
A7: Vendor #5 | B7: 21 | C7: 5733.3333 | D7: 82.52381 | E7: =IF(OR($A7="",TRIM($A7)="Grand Total"),"",IFERROR(COUNTIFS('PO Data'!$D:$D,$A7,'PO Data'!$G:$G,"<=60")/COUNTIFS('PO Data'!$D:$D,$A7),"")) -> 0.38095238
A8: Grand Total | B8: 157 | C8: 6440.1274 | D8: 81.585987 | E8: =IF(OR($A8="",TRIM($A8)="Grand Total"),"",IFERROR(COUNTIFS('PO Data'!$D:$D,$A8,'PO Data'!$G:$G,"<=60")/COUNTIFS('PO Data'!$D:$D,$A8),""))
A11: Product Breakdown
A12: Product | B12: PO's Placed | C12: Average of QTY | D12: Sum of QTY | E12: Average Lead Time (Days) | F12: Assesment
A13: Product #1 | B13: 8 | C13: 4400 | D13: 35200 | E13: 109.125 | F13: =IF(OR(A13="Grand Total",D13="",E13=""),"",IF(D13>=MEDIAN('Product Analysis'!D$3:D$19)*1.5,"High volume, ",IF(D13>=MEDIAN('Product Analysis'!D$3:D$19)*0.75,"Mid volume, ","Low volume, "))&IF(E13<=MEDIAN('Product Analysis'!E$3:E$19)*0.9,"fast lead",IF(E13<=MEDIAN('Product Analysis'!E$3:E$19)*1.1,"decent lead","slow lead"))) -> Mid volume, slow lead
A14: Product #2 | B14: 8 | C14: 5212.5 | D14: 41700 | E14: 133.25 | F14: =IF(OR(A14="Grand Total",D14="",E14=""),"",IF(D14>=MEDIAN('Product Analysis'!D$3:D$19)*1.5,"High volume, ",IF(D14>=MEDIAN('Product Analysis'!D$3:D$19)*0.75,"Mid volume, ","Low volume, "))&IF(E14<=MEDIAN('Product Analysis'!E$3:E$19)*0.9,"fast lead",IF(E14<=MEDIAN('Product Analysis'!E$3:E$19)*1.1,"decent lead","slow lead"))) -> Mid volume, slow lead
A15: Product #3 | B15: 10 | C15: 4950 | D15: 49500 | E15: 131.5 | F15: =IF(OR(A15="Grand Total",D15="",E15=""),"",IF(D15>=MEDIAN('Product Analysis'!D$3:D$19)*1.5,"High volume, ",IF(D15>=MEDIAN('Product Analysis'!D$3:D$19)*0.75,"Mid volume, ","Low volume, "))&IF(E15<=MEDIAN('Product Analysis'!E$3:E$19)*0.9,"fast lead",IF(E15<=MEDIAN('Product Analysis'!E$3:E$19)*1.1,"decent lead","slow lead"))) -> Mid volume, slow lead
A16: Product #4 | B16: 3 | C16: 7300 | D16: 21900 | E16: 128 | F16: =IF(OR(A16="Grand Total",D16="",E16=""),"",IF(D16>=MEDIAN('Product Analysis'!D$3:D$19)*1.5,"High volume, ",IF(D16>=MEDIAN('Product Analysis'!D$3:D$19)*0.75,"Mid volume, ","Low volume, "))&IF(E16<=MEDIAN('Product Analysis'!E$3:E$19)*0.9,"fast lead",IF(E16<=MEDIAN('Product Analysis'!E$3:E$19)*1.1,"decent lead","slow lead"))) -> Low volume, slow lead
A17: Product #5 | B17: 11 | C17: 7327.2727 | D17: 80600 | E17: 81.454545 | F17: =IF(OR(A17="Grand Total",D17="",E17=""),"",IF(D17>=MEDIAN('Product Analysis'!D$3:D$19)*1.5,"High volume, ",IF(D17>=MEDIAN('Product Analysis'!D$3:D$19)*0.75,"Mid volume, ","Low volume, "))&IF(E17<=MEDIAN('Product Analysis'!E$3:E$19)*0.9,"fast lead",IF(E17<=MEDIAN('Product Analysis'!E$3:E$19)*1.1,"decent lead","slow lead"))) -> High volume, decent lead
A18: Product #6 | B18: 13 | C18: 6669.2308 | D18: 86700 | E18: 97.769231 | F18: =IF(OR(A18="Grand Total",D18="",E18=""),"",IF(D18>=MEDIAN('Product Analysis'!D$3:D$19)*1.5,"High volume, ",IF(D18>=MEDIAN('Product Analysis'!D$3:D$19)*0.75,"Mid volume, ","Low volume, "))&IF(E18<=MEDIAN('Product Analysis'!E$3:E$19)*0.9,"fast lead",IF(E18<=MEDIAN('Product Analysis'!E$3:E$19)*1.1,"decent lead","slow lead"))) -> High volume, slow lead
A19: Product #7 | B19: 7 | C19: 5742.8571 | D19: 40200 | E19: 73.714286 | F19: =IF(OR(A19="Grand Total",D19="",E19=""),"",IF(D19>=MEDIAN('Product Analysis'!D$3:D$19)*1.5,"High volume, ",IF(D19>=MEDIAN('Product Analysis'!D$3:D$19)*0.75,"Mid volume, ","Low volume, "))&IF(E19<=MEDIAN('Product Analysis'!E$3:E$19)*0.9,"fast lead",IF(E19<=MEDIAN('Product Analysis'!E$3:E$19)*1.1,"decent lead","slow lead"))) -> Mid volume, decent lead
A20: Product #8 | B20: 5 | C20: 3640 | D20: 18200 | E20: 30 | F20: =IF(OR(A20="Grand Total",D20="",E20=""),"",IF(D20>=MEDIAN('Product Analysis'!D$3:D$19)*1.5,"High volume, ",IF(D20>=MEDIAN('Product Analysis'!D$3:D$19)*0.75,"Mid volume, ","Low volume, "))&IF(E20<=MEDIAN('Product Analysis'!E$3:E$19)*0.9,"fast lead",IF(E20<=MEDIAN('Product Analysis'!E$3:E$19)*1.1,"decent lead","slow lead"))) -> Low volume, fast lead
A21: Product #9 | B21: 8 | C21: 2600 | D21: 20800 | E21: 33 | F21: =IF(OR(A21="Grand Total",D21="",E21=""),"",IF(D21>=MEDIAN('Product Analysis'!D$3:D$19)*1.5,"High volume, ",IF(D21>=MEDIAN('Product Analysis'!D$3:D$19)*0.75,"Mid volume, ","Low volume, "))&IF(E21<=MEDIAN('Product Analysis'!E$3:E$19)*0.9,"fast lead",IF(E21<=MEDIAN('Product Analysis'!E$3:E$19)*1.1,"decent lead","slow lead"))) -> Low volume, fast lead
A22: Product #10 | B22: 11 | C22: 3600 | D22: 39600 | E22: 31 | F22: =IF(OR(A22="Grand Total",D22="",E22=""),"",IF(D22>=MEDIAN('Product Analysis'!D$3:D$19)*1.5,"High volume, ",IF(D22>=MEDIAN('Product Analysis'!D$3:D$19)*0.75,"Mid volume, ","Low volume, "))&IF(E22<=MEDIAN('Product Analysis'!E$3:E$19)*0.9,"fast lead",IF(E22<=MEDIAN('Product Analysis'!E$3:E$19)*1.1,"decent lead","slow lead"))) -> Mid volume, fast lead
A23: Product #11 | B23: 17 | C23: 9652.9412 | D23: 164100 | E23: 81.058824 | F23: =IF(OR(A23="Grand Total",D23="",E23=""),"",IF(D23>=MEDIAN('Product Analysis'!D$3:D$19)*1.5,"High volume, ",IF(D23>=MEDIAN('Product Analysis'!D$3:D$19)*0.75,"Mid volume, ","Low volume, "))&IF(E23<=MEDIAN('Product Analysis'!E$3:E$19)*0.9,"fast lead",IF(E23<=MEDIAN('Product Analysis'!E$3:E$19)*1.1,"decent lead","slow lead"))) -> High volume, decent lead
A24: Product #12 | B24: 12 | C24: 8041.6667 | D24: 96500 | E24: 67.333333 | F24: =IF(OR(A24="Grand Total",D24="",E24=""),"",IF(D24>=MEDIAN('Product Analysis'!D$3:D$19)*1.5,"High volume, ",IF(D24>=MEDIAN('Product Analysis'!D$3:D$19)*0.75,"Mid volume, ","Low volume, "))&IF(E24<=MEDIAN('Product Analysis'!E$3:E$19)*0.9,"fast lead",IF(E24<=MEDIAN('Product Analysis'!E$3:E$19)*1.1,"decent lead","slow lead"))) -> High volume, fast lead
... A29: Product #17 | B29: 7 | C29: 6342.8571 | D29: 44400 | E29: 81.571429 | F29: =IF(OR(A29="Grand Total",D29="",E29=""),"",IF(D29>=MEDIAN('Product Analysis'!D$3:D$19)*1.5,"High volume, ",IF(D29>=MEDIAN('Product Analysis'!D$3:D$19)*0.75,"Mid volume, ","Low volume, "))&IF(E29<=MEDIAN('Product Analysis'!E$3:E$19)*0.9,"fast lead",IF(E29<=MEDIAN('Product Analysis'!E$3:E$19)*1.1,"decent lead","slow lead"))) -> Mid volume, decent lead
A30: Grand Total | B30: 157 | C30: 6440.1274 | D30: 1011100 | E30: 81.585987 | F30: =IF(OR(A30="Grand Total",D30="",E30=""),"",IF(D30>=MEDIAN(D$13:D$29)*1.25,"High volume, ",IF(D30>=MEDIAN(D$13:D$29)*0.75,"Mid volume, ","Low volume, "))&IF(E30<=MEDIAN(E$13:E$29)*0.9,"fast lead",IF(E30<=MEDIAN(E$13:E$29)*1.1,"decent lead","slow lead")))
